"Date","Section","CrimeType"
2019-05-16,"Sec 1","Robbery"
2019-02-05,"Sec 1","Aggravated Assault"
2019-04-11,"Sec 2","Larceny"
2019-01-22,"Sec 5","Homicide"
2019-03-05,"Sec 5","Larceny"
2019-01-25,"Sec 1","Larceny"
2019-01-05,"Sec 2","MVT"
2019-04-05,"Sec 5","Larceny"
2019-04-28,"Sec 2","Burglary"
2019-06-05,"Sec 5","Larceny"
2019-02-03,"Sec 2","Larceny"
2019-03-24,"Sec 3","Larceny"
2019-05-18,"Sec 2","Larceny"
2019-02-21,"Sec 6","Aggravated Assault"
2019-05-07,"Sec 5","Aggravated Assault"
2019-04-23,"Sec 3","Burglary"
2019-06-18,"Sec 2","Larceny"
2019-02-28,"Sec 2","Larceny"
2019-03-06,"Sec 3","Aggravated Assault"
2019-05-27,"Sec 3","Larceny"
2019-02-07,"Sec 3","Aggravated Assault"
2019-04-04,"Sec 5","Larceny"
2019-04-26,"Sec 1","Larceny"
2019-03-28,"Sec 4","MVT"
2019-05-31,"Sec 3","Larceny"
2019-03-15,"Sec 2","Aggravated Assault"
2019-05-12,"Sec 2","Aggravated Assault"
2019-03-25,"Sec 3","Larceny"
2019-04-16,"Sec 2","Larceny"
2019-04-17,"Sec 4","Larceny"
2019-06-05,"Sec 4","Burglary"
2019-04-29,"Sec 1","Larceny"
2019-05-22,"Sec 1","Aggravated Assault"
2019-06-12,"Sec 1","Aggravated Assault"
2019-06-06,"Sec 4","Larceny"
2019-05-24,"Sec 2","Aggravated Assault"
2019-05-18,"Sec 3","Larceny"
2019-02-01,"Sec 4","Larceny"
2019-04-16,"Sec 2","Burglary"
2019-03-24,"Sec 3","Larceny"
2019-03-14,"Sec 2","MVT"
2019-05-30,"Sec 1","Aggravated Assault"
2019-01-28,"Sec 1","Aggravated Assault"
2019-01-01,"Sec 3","Larceny"
2019-03-28,"Sec 1","Aggravated Assault"
2019-05-02,"Sec 3","Aggravated Assault"
2019-01-10,"Sec 4","Larceny"
2019-05-16,"Sec 3","MVT"
2019-04-30,"Sec 1","Larceny"
2019-04-29,"Sec 3","Burglary"
2019-02-11,"Sec 3","Aggravated Assault"
2019-01-09,"Sec 4","Larceny"
2019-02-18,"Sec 4","MVT"
2019-02-08,"Sec 1","Larceny"
2019-01-16,"Sec 1","Larceny"
2019-02-27,"Sec 6","Larceny"
2019-02-28,"Sec 5","Burglary"
2019-03-10,"Sec 3","Larceny"
2019-01-29,"Sec 2","Larceny"
2019-02-04,"Sec 2","Larceny"
2019-02-10,"Sec 3","Larceny"
2019-04-21,"Sec 3","MVT"
2019-01-27,"Sec 3","Burglary"
2019-03-09,"Sec 1","Burglary"
2019-01-26,"Sec 3","Robbery"
2019-02-04,"Sec 4","Larceny"
2019-01-26,"Sec 4","Larceny"
2019-02-04,"Sec 2","Aggravated Assault"
2019-03-20,"Sec 2","Burglary"
2019-02-09,"Sec 4","Robbery"
2019-05-12,"Sec 4","Aggravated Assault"
2019-06-08,"Sec 2","Larceny"
2019-04-19,"Sec 3","Larceny"
2019-01-20,"Sec 6","Larceny"
2019-05-06,"Sec 2","Robbery"
2019-05-18,"Sec 1","Burglary"
2019-02-16,"Sec 2","Robbery"
2019-05-21,"Sec 1","Burglary"
2019-05-13,"Sec 2","Larceny"
2019-06-15,"Sec 3","Aggravated Assault"
2019-04-30,"Sec 3","Burglary"
2019-03-20,"Sec 5","Larceny"
2019-01-19,"Sec 1","Burglary"
2019-03-20,"Sec 3","Aggravated Assault"
2019-05-04,"Sec 1","MVT"
2019-04-18,"Sec 4","Aggravated Assault"
2019-06-01,"Sec 2","Burglary"
2019-05-08,"Sec 3","Larceny"
2019-01-22,"Sec 3","Aggravated Assault"
2019-04-25,"Sec 3","Larceny"
2019-04-03,"Sec 2","Aggravated Assault"
2019-02-14,"Sec 1","Robbery"
2019-01-27,"Sec 3","Larceny"
2019-01-20,"Sec 1","Larceny"
2019-03-24,"Sec 2","Aggravated Assault"
2019-03-24,"Sec 5","Homicide"
2019-01-09,"Sec 3","MVT"
2019-01-16,"Sec 2","Larceny"
2019-04-12,"Sec 3","Burglary"
2019-03-19,"Sec 4","Larceny"
2019-05-12,"Sec 2","Robbery"
2019-02-17,"Sec 4","Larceny"
2019-04-20,"Sec 4","Larceny"
2019-04-25,"Sec 1","MVT"
2019-06-03,"Sec 1","Larceny"
2019-05-04,"Sec 5","Aggravated Assault"
2019-04-30,"Sec 4","Larceny"
2019-03-03,"Sec 3","Larceny"
2019-01-22,"Sec 1","Larceny"
2019-06-05,"Sec 2","Aggravated Assault"
2019-06-13,"Sec 2","Larceny"
2019-06-15,"Sec 3","Aggravated Assault"
2019-01-11,"Sec 6","Robbery"
2019-05-21,"Sec 3","Burglary"
2019-01-13,"Sec 3","Larceny"
2019-01-24,"Sec 4","Larceny"
2019-06-07,"Sec 1","Larceny"
2019-02-07,"Sec 3","Homicide"
2019-05-01,"Sec 6","Larceny"
2019-06-03,"Sec 5","Burglary"
2019-02-13,"Sec 5","Burglary"
2019-03-31,"Sec 4","Larceny"
2019-02-22,"Sec 3","Larceny"
2019-02-18,"Sec 5","Larceny"
2019-05-25,"Sec 6","Aggravated Assault"
2019-03-05,"Sec 1","Burglary"
2019-02-12,"Sec 2","Larceny"
2019-04-09,"Sec 1","Aggravated Assault"
2019-03-01,"Sec 4","MVT"
2019-03-14,"Sec 1","Larceny"
2019-04-22,"Sec 3","Larceny"
2019-03-02,"Sec 3","Larceny"
2019-05-12,"Sec 2","MVT"
2019-01-04,"Sec 4","Robbery"
2019-02-02,"Sec 2","Larceny"
2019-02-15,"Sec 1","Larceny"
2019-05-03,"Sec 2","Robbery"
2019-04-13,"Sec 4","Larceny"
2019-01-16,"Sec 4","Robbery"
2019-03-21,"Sec 1","Larceny"
2019-05-02,"Sec 2","Larceny"
2019-05-10,"Sec 5","Homicide"
2019-03-11,"Sec 1","Larceny"
2019-03-24,"Sec 1","Robbery"
2019-02-04,"Sec 2","Larceny"
2019-06-15,"Sec 3","Robbery"
2019-06-02,"Sec 1","MVT"
2019-05-26,"Sec 1","Larceny"
2019-02-04,"Sec 4","Aggravated Assault"
2019-03-31,"Sec 2","Aggravated Assault"
2019-02-15,"Sec 5","Larceny"
2019-01-24,"Sec 1","Larceny"
2019-05-16,"Sec 3","Robbery"
2019-03-18,"Sec 1","Robbery"
2019-04-12,"Sec 5","MVT"
2019-05-11,"Sec 1","Larceny"
2019-05-15,"Sec 4","Burglary"
2019-03-21,"Sec 5","Larceny"
2019-05-05,"Sec 5","Larceny"
2019-01-11,"Sec 3","Robbery"
2019-02-21,"Sec 3","Burglary"
2019-02-07,"Sec 5","Larceny"
2019-03-06,"Sec 2","Aggravated Assault"
2019-06-13,"Sec 6","Aggravated Assault"
2019-04-29,"Sec 6","Robbery"
2019-03-10,"Sec 1","Larceny"
2019-03-21,"Sec 2","Burglary"
2019-04-21,"Sec 5","Larceny"
2019-04-10,"Sec 2","Aggravated Assault"
2019-02-17,"Sec 1","Larceny"
2019-02-12,"Sec 4","Burglary"
2019-03-13,"Sec 1","Burglary"
2019-03-01,"Sec 2","Aggravated Assault"
2019-05-25,"Sec 1","Robbery"
2019-02-07,"Sec 5","Aggravated Assault"
2019-05-29,"Sec 6","Homicide"
2019-01-16,"Sec 5","Robbery"
2019-05-15,"Sec 4","Robbery"
2019-01-12,"Sec 2","Larceny"
2019-01-21,"Sec 3","Larceny"
2019-02-10,"Sec 1","Larceny"
2019-02-06,"Sec 4","Robbery"
2019-05-10,"Sec 6","Aggravated Assault"
2019-05-01,"Sec 3","Larceny"
2019-04-13,"Sec 1","Larceny"
2019-06-10,"Sec 1","Larceny"
2019-05-19,"Sec 4","Larceny"
2019-05-15,"Sec 3","Burglary"
2019-06-17,"Sec 6","Robbery"
2019-05-04,"Sec 2","Larceny"
2019-03-31,"Sec 4","Larceny"
2019-01-05,"Sec 2","Burglary"
2019-02-10,"Sec 6","Larceny"
2019-01-02,"Sec 2","Larceny"
2019-05-26,"Sec 1","Burglary"
2019-06-18,"Sec 2","Larceny"
2019-02-11,"Sec 1","MVT"
2019-02-10,"Sec 1","Aggravated Assault"
2019-05-08,"Sec 2","Larceny"
2019-02-06,"Sec 1","Robbery"
2019-04-09,"Sec 4","Larceny"
2019-05-05,"Sec 2","Larceny"
2019-06-13,"Sec 1","Aggravated Assault"
2019-04-27,"Sec 1","Larceny"
2019-04-16,"Sec 4","Larceny"
2019-02-14,"Sec 2","Burglary"
2019-01-31,"Sec 2","Aggravated Assault"
2019-03-10,"Sec 1","Larceny"
2019-03-05,"Sec 5","Aggravated Assault"
2019-01-08,"Sec 4","Larceny"
2019-05-12,"Sec 1","Larceny"
2019-03-11,"Sec 1","Larceny"
2019-05-01,"Sec 2","Larceny"
2019-05-01,"Sec 1","Robbery"
2019-01-27,"Sec 5","MVT"
2019-03-08,"Sec 4","Larceny"
2019-03-29,"Sec 1","Larceny"
2019-02-06,"Sec 6","MVT"
2019-02-28,"Sec 1","Robbery"
2019-03-17,"Sec 4","Larceny"
2019-02-10,"Sec 3","Larceny"
2019-04-13,"Sec 4","MVT"
2019-05-27,"Sec 2","Aggravated Assault"
2019-06-01,"Sec 4","Larceny"
2019-01-13,"Sec 5","Larceny"
2019-03-16,"Sec 3","Larceny"
2019-01-08,"Sec 2","Robbery"
2019-02-27,"Sec 4","Burglary"
2019-05-31,"Sec 5","Robbery"
2019-04-25,"Sec 4","MVT"
2019-05-26,"Sec 2","Larceny"
2019-01-01,"Sec 3","Aggravated Assault"
2019-05-21,"Sec 2","MVT"
2019-04-26,"Sec 2","Robbery"
2019-03-24,"Sec 4","Larceny"
2019-03-24,"Sec 2","Larceny"
2019-01-16,"Sec 4","Aggravated Assault"
2019-06-10,"Sec 2","Larceny"
2019-03-20,"Sec 3","Burglary"
2019-06-13,"Sec 1","MVT"
2019-04-19,"Sec 2","Larceny"
2019-01-02,"Sec 3","Larceny"
2019-06-19,"Sec 4","Larceny"
2019-01-31,"Sec 2","Larceny"
2019-01-13,"Sec 5","Larceny"
2019-04-22,"Sec 3","Larceny"
2019-04-17,"Sec 2","Larceny"
2019-04-10,"Sec 6","Aggravated Assault"
2019-05-08,"Sec 5","Larceny"
2019-05-30,"Sec 3","Larceny"
2019-04-11,"Sec 4","Larceny"
2019-01-27,"Sec 3","Robbery"
2019-04-10,"Sec 6","Aggravated Assault"
2019-06-15,"Sec 3","Larceny"
2019-06-08,"Sec 4","Burglary"
2019-02-25,"Sec 2","Aggravated Assault"
2019-02-15,"Sec 4","Burglary"
2019-06-06,"Sec 6","Burglary"
2019-03-22,"Sec 3","Robbery"
2019-06-02,"Sec 6","Larceny"
2019-02-12,"Sec 5","MVT"
2019-06-14,"Sec 2","Larceny"
2019-04-14,"Sec 2","Larceny"
2019-06-14,"Sec 6","Robbery"
2019-04-07,"Sec 2","Larceny"
2019-05-02,"Sec 2","Larceny"
2019-05-03,"Sec 6","Robbery"
2019-01-27,"Sec 5","Burglary"
2019-06-06,"Sec 1","Aggravated Assault"
2019-06-13,"Sec 5","Larceny"
2019-01-30,"Sec 1","Burglary"
2019-02-13,"Sec 2","Larceny"
2019-02-07,"Sec 1","Aggravated Assault"
2019-06-04,"Sec 6","Larceny"
2019-06-04,"Sec 1","Robbery"
2019-04-06,"Sec 2","Burglary"
2019-01-12,"Sec 1","Aggravated Assault"
2019-02-01,"Sec 6","Larceny"
2019-01-21,"Sec 3","Larceny"
2019-03-31,"Sec 3","Larceny"
2019-04-22,"Sec 3","Robbery"
2019-01-29,"Sec 2","Larceny"
2019-06-03,"Sec 3","Larceny"
2019-01-22,"Sec 1","Larceny"
2019-03-02,"Sec 4","Burglary"
2019-06-01,"Sec 3","MVT"
2019-04-10,"Sec 6","Larceny"
2019-04-24,"Sec 2","Larceny"
2019-03-17,"Sec 1","Robbery"
2019-02-07,"Sec 2","Larceny"
2019-04-26,"Sec 4","Larceny"
2019-02-25,"Sec 4","Larceny"
2019-04-29,"Sec 2","MVT"
2019-03-30,"Sec 2","Larceny"
2019-03-26,"Sec 1","Burglary"
2019-02-21,"Sec 1","Aggravated Assault"
2019-05-26,"Sec 2","MVT"
2019-02-18,"Sec 2","Robbery"
2019-01-05,"Sec 1","Larceny"
2019-03-26,"Sec 1","Aggravated Assault"
2019-06-06,"Sec 4","Aggravated Assault"
2019-02-14,"Sec 4","Larceny"
2019-02-12,"Sec 5","Aggravated Assault"
2019-03-03,"Sec 2","Robbery"
2019-02-09,"Sec 1","Larceny"
2019-01-07,"Sec 1","MVT"
2019-03-23,"Sec 1","Larceny"
2019-05-10,"Sec 2","Aggravated Assault"
2019-06-15,"Sec 1","MVT"
2019-04-27,"Sec 1","Aggravated Assault"
2019-02-13,"Sec 4","Burglary"
2019-02-14,"Sec 6","Larceny"
2019-05-20,"Sec 3","Robbery"
2019-03-23,"Sec 5","Aggravated Assault"
2019-04-26,"Sec 5","Burglary"
2019-05-05,"Sec 2","Larceny"
2019-02-08,"Sec 4","Larceny"
2019-05-25,"Sec 5","Robbery"
2019-05-26,"Sec 2","Larceny"
2019-01-31,"Sec 1","Robbery"
2019-06-04,"Sec 4","MVT"
2019-05-25,"Sec 3","Aggravated Assault"
2019-04-26,"Sec 4","MVT"
2019-03-25,"Sec 1","MVT"
2019-06-12,"Sec 1","Larceny"
2019-04-23,"Sec 2","Larceny"
2019-03-06,"Sec 1","Homicide"
2019-04-13,"Sec 4","MVT"
2019-04-08,"Sec 5","Aggravated Assault"
2019-03-04,"Sec 2","Aggravated Assault"
2019-05-04,"Sec 3","Aggravated Assault"
2019-03-01,"Sec 4","Burglary"
2019-01-01,"Sec 3","Burglary"
2019-04-17,"Sec 3","Robbery"
2019-01-14,"Sec 1","Robbery"
2019-04-10,"Sec 1","Aggravated Assault"
2019-01-14,"Sec 2","Larceny"
2019-06-07,"Sec 1","Larceny"
2019-01-02,"Sec 4","Robbery"
2019-04-12,"Sec 1","Larceny"
2019-06-19,"Sec 2","Larceny"
2019-04-05,"Sec 1","Robbery"
2019-05-24,"Sec 1","Robbery"
2019-04-30,"Sec 2","Larceny"
2019-02-28,"Sec 3","Robbery"
2019-06-15,"Sec 1","Larceny"
2019-01-16,"Sec 5","Aggravated Assault"
2019-04-05,"Sec 1","Aggravated Assault"
2019-04-30,"Sec 6","Aggravated Assault"
2019-01-08,"Sec 4","Aggravated Assault"
2019-03-18,"Sec 1","Aggravated Assault"
2019-02-27,"Sec 1","Aggravated Assault"
2019-03-05,"Sec 4","Burglary"
2019-02-20,"Sec 5","MVT"
2019-02-28,"Sec 3","Larceny"
2019-05-20,"Sec 1","Larceny"
2019-04-13,"Sec 5","Burglary"
2019-01-03,"Sec 1","Larceny"
2019-04-06,"Sec 3","Larceny"
2019-01-21,"Sec 1","MVT"
2019-02-08,"Sec 1","Aggravated Assault"
2019-03-15,"Sec 2","Burglary"
2019-02-05,"Sec 1","Larceny"
2019-05-25,"Sec 2","Larceny"
2019-05-21,"Sec 1","Larceny"
2019-05-16,"Sec 2","Robbery"
2019-04-07,"Sec 3","Larceny"
2019-01-25,"Sec 5","Larceny"
2019-02-25,"Sec 1","Larceny"
2019-05-26,"Sec 3","Aggravated Assault"
2019-05-12,"Sec 4","Burglary"
2019-03-25,"Sec 4","Burglary"
2019-03-09,"Sec 1","Larceny"
2019-06-07,"Sec 5","Robbery"
2019-04-17,"Sec 1","Burglary"
2019-06-04,"Sec 1","Larceny"
2019-06-08,"Sec 3","Aggravated Assault"
2019-05-23,"Sec 1","Robbery"
2019-02-18,"Sec 4","Larceny"
2019-05-22,"Sec 5","Larceny"
2019-04-20,"Sec 1","Aggravated Assault"
2019-04-17,"Sec 5","Larceny"
2019-02-19,"Sec 1","Larceny"
2019-06-16,"Sec 5","Larceny"
2019-04-09,"Sec 4","Burglary"
2019-01-03,"Sec 3","Burglary"
2019-03-03,"Sec 2","Larceny"
2019-04-02,"Sec 4","Robbery"
2019-03-05,"Sec 2","Larceny"
2019-04-04,"Sec 2","Larceny"
2019-02-11,"Sec 2","Burglary"
2019-03-05,"Sec 6","Larceny"
2019-06-14,"Sec 1","MVT"
2019-01-10,"Sec 2","Burglary"
2019-03-25,"Sec 4","Larceny"
2019-06-14,"Sec 3","MVT"
2019-06-03,"Sec 1","Larceny"
2019-06-02,"Sec 3","Larceny"
2019-04-09,"Sec 6","Larceny"
2019-05-21,"Sec 3","Burglary"
2019-06-18,"Sec 5","Robbery"
2019-05-06,"Sec 3","Burglary"
2019-03-18,"Sec 1","Aggravated Assault"
2019-04-04,"Sec 1","Larceny"
2019-02-03,"Sec 3","Larceny"
2019-03-18,"Sec 6","Burglary"
2019-06-10,"Sec 2","Larceny"
2019-02-03,"Sec 5","Homicide"
2019-05-06,"Sec 4","Larceny"
2019-03-04,"Sec 2","MVT"
2019-01-31,"Sec 2","Robbery"
2019-01-22,"Sec 3","Larceny"
2019-05-04,"Sec 3","Aggravated Assault"
2019-05-17,"Sec 4","Larceny"
2019-03-21,"Sec 3","Robbery"
2019-03-10,"Sec 3","Aggravated Assault"
2019-03-27,"Sec 5","Larceny"
2019-03-29,"Sec 4","Larceny"
2019-02-14,"Sec 1","Homicide"
2019-02-04,"Sec 1","Robbery"
2019-04-03,"Sec 5","MVT"
2019-03-23,"Sec 3","Larceny"
2019-03-24,"Sec 4","Robbery"
2019-03-24,"Sec 1","Larceny"
2019-03-12,"Sec 1","Robbery"
2019-05-07,"Sec 3","MVT"
2019-05-11,"Sec 1","Larceny"
2019-05-05,"Sec 1","Larceny"
2019-01-04,"Sec 5","Aggravated Assault"
2019-03-07,"Sec 4","Larceny"
2019-02-10,"Sec 4","Larceny"
2019-03-22,"Sec 1","Aggravated Assault"
2019-03-20,"Sec 1","Aggravated Assault"
2019-04-13,"Sec 4","Homicide"
2019-04-10,"Sec 6","MVT"
2019-04-27,"Sec 4","Larceny"
2019-03-16,"Sec 4","Robbery"
2019-06-08,"Sec 5","Burglary"
2019-03-16,"Sec 1","Aggravated Assault"
2019-01-07,"Sec 5","Larceny"
2019-06-13,"Sec 1","Larceny"
2019-06-04,"Sec 1","Larceny"
2019-01-25,"Sec 1","Larceny"
2019-02-26,"Sec 5","Larceny"
2019-05-19,"Sec 1","Larceny"
2019-05-03,"Sec 1","Aggravated Assault"
2019-06-08,"Sec 2","Larceny"
2019-05-20,"Sec 3","Larceny"
2019-02-10,"Sec 4","Burglary"
2019-05-01,"Sec 5","Larceny"
2019-03-23,"Sec 3","Larceny"
2019-01-31,"Sec 3","Burglary"
2019-02-18,"Sec 5","Burglary"
2019-05-30,"Sec 3","Larceny"
2019-04-19,"Sec 3","Aggravated Assault"
2019-06-13,"Sec 1","Robbery"
2019-03-20,"Sec 1","Aggravated Assault"
2019-04-04,"Sec 6","Larceny"
2019-05-07,"Sec 1","Larceny"
2019-03-04,"Sec 3","Larceny"
2019-01-27,"Sec 4","Burglary"
2019-04-15,"Sec 2","Larceny"
2019-04-29,"Sec 1","Aggravated Assault"
2019-05-05,"Sec 1","MVT"
2019-04-24,"Sec 1","Robbery"
2019-01-23,"Sec 2","Aggravated Assault"
2019-05-14,"Sec 5","Larceny"
2019-03-01,"Sec 1","Larceny"
2019-02-07,"Sec 3","Larceny"
2019-04-12,"Sec 1","Larceny"
2019-04-28,"Sec 3","Larceny"
2019-04-14,"Sec 1","Robbery"
2019-03-29,"Sec 4","Larceny"
2019-01-12,"Sec 2","Larceny"
2019-01-16,"Sec 3","Homicide"
2019-04-22,"Sec 1","Larceny"
2019-01-03,"Sec 5","Aggravated Assault"
2019-03-16,"Sec 1","Larceny"
2019-04-13,"Sec 2","MVT"
2019-01-05,"Sec 5","MVT"
2019-04-08,"Sec 3","Larceny"
2019-01-14,"Sec 1","Larceny"
2019-01-24,"Sec 3","Larceny"
2019-06-18,"Sec 6","Larceny"
2019-06-16,"Sec 1","Robbery"
2019-06-04,"Sec 2","Larceny"
2019-05-15,"Sec 3","Larceny"
2019-04-02,"Sec 1","Larceny"
2019-04-30,"Sec 3","Larceny"
2019-01-05,"Sec 2","Aggravated Assault"
2019-05-15,"Sec 2","Burglary"
2019-04-20,"Sec 1","Larceny"
2019-04-08,"Sec 4","Robbery"
2019-03-31,"Sec 1","Larceny"
2019-01-12,"Sec 1","Aggravated Assault"
2019-03-03,"Sec 2","Larceny"
2019-05-23,"Sec 1","Robbery"
2019-04-30,"Sec 4","Larceny"
2019-06-06,"Sec 2","Larceny"
2019-06-16,"Sec 2","Larceny"
2019-04-27,"Sec 5","Larceny"
2019-02-09,"Sec 1","Larceny"
2019-04-24,"Sec 1","Burglary"
2019-03-01,"Sec 3","Larceny"
2019-02-22,"Sec 4","Larceny"
2019-06-06,"Sec 4","Larceny"
2019-05-19,"Sec 3","Larceny"
2019-05-13,"Sec 1","Larceny"
2019-03-24,"Sec 1","Homicide"
2019-03-27,"Sec 4","Aggravated Assault"
2019-05-05,"Sec 1","Burglary"
2019-04-29,"Sec 1","Robbery"
2019-05-15,"Sec 2","Larceny"
2019-03-30,"Sec 5","Aggravated Assault"
2019-04-08,"Sec 1","Larceny"
2019-05-10,"Sec 3","Burglary"
2019-04-24,"Sec 3","Robbery"
2019-05-23,"Sec 3","Burglary"
2019-01-22,"Sec 4","Burglary"
2019-06-02,"Sec 3","Aggravated Assault"
2019-03-24,"Sec 3","Burglary"
2019-02-20,"Sec 6","Larceny"
2019-01-09,"Sec 4","Larceny"
2019-02-12,"Sec 1","Homicide"
2019-05-14,"Sec 4","Larceny"
2019-05-14,"Sec 1","Robbery"
2019-06-12,"Sec 1","Robbery"
2019-05-03,"Sec 3","Burglary"
2019-03-21,"Sec 1","MVT"
2019-05-23,"Sec 3","Burglary"
2019-01-31,"Sec 3","Aggravated Assault"
2019-01-12,"Sec 1","Larceny"
2019-02-19,"Sec 2","Larceny"
2019-03-23,"Sec 2","Robbery"
2019-02-09,"Sec 1","Larceny"
2019-05-13,"Sec 1","Aggravated Assault"
2019-02-24,"Sec 3","Aggravated Assault"
2019-03-15,"Sec 1","Larceny"
2019-02-27,"Sec 2","Larceny"
2019-05-02,"Sec 4","Larceny"
2019-05-26,"Sec 3","Burglary"
2019-06-13,"Sec 3","Burglary"
2019-04-27,"Sec 1","Aggravated Assault"
2019-03-09,"Sec 2","Larceny"
2019-02-27,"Sec 2","Larceny"
2019-03-08,"Sec 5","MVT"
2019-04-25,"Sec 1","Homicide"
2019-04-05,"Sec 6","Larceny"
2019-03-23,"Sec 5","MVT"
2019-06-06,"Sec 1","Aggravated Assault"
2019-04-01,"Sec 3","Larceny"
2019-01-03,"Sec 3","MVT"
2019-06-07,"Sec 6","MVT"
2019-05-26,"Sec 1","Larceny"
2019-03-11,"Sec 1","Aggravated Assault"
2019-04-15,"Sec 5","Robbery"
2019-04-05,"Sec 3","Aggravated Assault"
2019-05-17,"Sec 2","Larceny"
2019-02-11,"Sec 4","Burglary"
2019-03-05,"Sec 4","Larceny"
2019-03-01,"Sec 4","Larceny"
2019-02-10,"Sec 1","Larceny"
2019-06-13,"Sec 4","Aggravated Assault"
2019-01-19,"Sec 5","Burglary"
2019-05-31,"Sec 3","Aggravated Assault"
2019-06-15,"Sec 3","Aggravated Assault"
2019-01-03,"Sec 2","Larceny"
2019-01-25,"Sec 3","Larceny"
2019-01-19,"Sec 1","Larceny"
2019-05-09,"Sec 1","Larceny"
2019-03-15,"Sec 3","Burglary"
2019-03-16,"Sec 4","Robbery"
2019-02-07,"Sec 6","Aggravated Assault"
2019-03-25,"Sec 1","Larceny"
2019-05-12,"Sec 2","Burglary"
2019-02-25,"Sec 2","Larceny"
2019-02-17,"Sec 1","Larceny"
2019-06-08,"Sec 2","Aggravated Assault"
2019-05-30,"Sec 3","Larceny"
2019-01-15,"Sec 3","Larceny"
2019-06-11,"Sec 5","Burglary"
2019-04-26,"Sec 5","MVT"
2019-04-28,"Sec 3","Burglary"
2019-01-06,"Sec 4","Aggravated Assault"
2019-01-28,"Sec 5","Burglary"
2019-04-14,"Sec 2","Larceny"
2019-01-31,"Sec 3","Larceny"
2019-06-03,"Sec 2","Aggravated Assault"
2019-05-13,"Sec 4","Aggravated Assault"
2019-02-19,"Sec 3","Larceny"
2019-03-11,"Sec 1","Larceny"
2019-03-02,"Sec 2","Aggravated Assault"
2019-04-16,"Sec 5","Burglary"
2019-05-21,"Sec 3","Larceny"
2019-06-12,"Sec 3","Burglary"
2019-06-09,"Sec 2","Burglary"
2019-04-18,"Sec 6","Larceny"
2019-06-05,"Sec 2","Homicide"
2019-05-15,"Sec 1","Larceny"
2019-03-27,"Sec 1","Aggravated Assault"
2019-01-30,"Sec 4","Larceny"
2019-04-04,"Sec 3","Larceny"
2019-01-02,"Sec 1","Larceny"
2019-04-25,"Sec 2","Robbery"
2019-04-01,"Sec 3","Larceny"
2019-04-21,"Sec 3","Larceny"
2019-05-07,"Sec 1","Robbery"
2019-03-05,"Sec 3","Larceny"
2019-04-16,"Sec 1","MVT"
2019-02-23,"Sec 1","Larceny"
2019-03-21,"Sec 2","Larceny"
2019-04-10,"Sec 2","Larceny"
2019-06-15,"Sec 1","Larceny"
2019-04-26,"Sec 6","Larceny"
2019-01-09,"Sec 1","Aggravated Assault"
2019-02-02,"Sec 3","Larceny"
2019-04-27,"Sec 5","Burglary"
2019-02-01,"Sec 2","Larceny"
2019-05-21,"Sec 3","Larceny"
2019-02-12,"Sec 4","Larceny"
2019-01-07,"Sec 5","Larceny"
2019-03-31,"Sec 3","MVT"
2019-01-30,"Sec 6","Larceny"
2019-02-08,"Sec 2","Burglary"
2019-01-13,"Sec 4","Robbery"
2019-05-18,"Sec 3","Aggravated Assault"
2019-03-15,"Sec 1","Robbery"
2019-02-12,"Sec 5","Larceny"
2019-06-13,"Sec 6","Aggravated Assault"
2019-04-23,"Sec 2","Larceny"
2019-03-27,"Sec 1","Larceny"
2019-01-16,"Sec 3","Larceny"
2019-02-08,"Sec 6","Aggravated Assault"
2019-06-11,"Sec 3","Larceny"
2019-04-01,"Sec 1","Larceny"
2019-06-16,"Sec 6","Larceny"
2019-06-04,"Sec 1","MVT"
2019-03-02,"Sec 2","Larceny"
2019-02-14,"Sec 1","Robbery"
2019-02-07,"Sec 1","MVT"
2019-01-06,"Sec 3","Larceny"
2019-03-22,"Sec 4","Burglary"
2019-01-15,"Sec 3","Larceny"
2019-01-27,"Sec 5","Robbery"
2019-02-07,"Sec 4","Larceny"
2019-02-14,"Sec 2","Larceny"
2019-05-30,"Sec 5","Robbery"
2019-05-21,"Sec 1","Aggravated Assault"
2019-06-13,"Sec 2","Larceny"
2019-06-02,"Sec 1","Aggravated Assault"
2019-02-02,"Sec 3","Larceny"
2019-04-15,"Sec 3","Larceny"
2019-05-27,"Sec 3","Larceny"
2019-05-14,"Sec 1","Robbery"
2019-01-14,"Sec 3","Burglary"
2019-05-10,"Sec 5","Larceny"
2019-04-02,"Sec 1","Larceny"
2019-02-17,"Sec 2","Aggravated Assault"
2019-02-16,"Sec 1","Larceny"
2019-05-21,"Sec 3","Larceny"
2019-05-16,"Sec 1","Larceny"
2019-04-15,"Sec 5","Larceny"
2019-03-09,"Sec 3","Larceny"
2019-06-14,"Sec 4","Aggravated Assault"
2019-01-25,"Sec 3","Larceny"
2019-05-28,"Sec 1","MVT"
2019-05-04,"Sec 3","Aggravated Assault"
2019-03-26,"Sec 1","Larceny"
2019-01-12,"Sec 4","Larceny"
2019-04-03,"Sec 3","Larceny"
2019-01-19,"Sec 4","Larceny"
2019-03-04,"Sec 2","Homicide"
2019-06-04,"Sec 3","Larceny"
2019-02-05,"Sec 4","Larceny"
2019-05-18,"Sec 2","Aggravated Assault"
2019-02-19,"Sec 3","Larceny"
2019-04-17,"Sec 1","Larceny"
2019-03-07,"Sec 3","Larceny"
2019-01-20,"Sec 2","Aggravated Assault"
2019-02-14,"Sec 3","Homicide"
2019-06-06,"Sec 3","Larceny"
2019-04-29,"Sec 3","Burglary"
2019-03-09,"Sec 3","Larceny"
2019-01-10,"Sec 1","Robbery"
2019-06-03,"Sec 6","MVT"
2019-02-15,"Sec 2","Aggravated Assault"
2019-04-18,"Sec 2","Robbery"
2019-06-17,"Sec 4","Larceny"
2019-05-24,"Sec 2","Larceny"
2019-01-20,"Sec 3","Burglary"
2019-05-14,"Sec 3","Larceny"
2019-02-07,"Sec 5","Larceny"
2019-01-25,"Sec 1","Larceny"
2019-02-02,"Sec 1","Burglary"
2019-05-07,"Sec 1","Burglary"
2019-01-07,"Sec 2","Larceny"
2019-03-29,"Sec 2","Aggravated Assault"
2019-05-21,"Sec 1","Larceny"
2019-03-02,"Sec 4","Larceny"
2019-05-03,"Sec 3","Larceny"
2019-01-06,"Sec 2","Aggravated Assault"
2019-02-12,"Sec 3","Larceny"
2019-03-19,"Sec 1","Burglary"
2019-01-13,"Sec 1","MVT"
2019-03-18,"Sec 5","Aggravated Assault"
2019-03-04,"Sec 1","Robbery"
2019-05-21,"Sec 1","Aggravated Assault"
2019-05-06,"Sec 2","Aggravated Assault"
2019-01-14,"Sec 5","MVT"
2019-02-03,"Sec 2","Burglary"
2019-05-09,"Sec 5","Larceny"
2019-06-06,"Sec 3","Larceny"
2019-05-20,"Sec 3","Larceny"
2019-02-27,"Sec 1","Larceny"
2019-01-10,"Sec 1","Homicide"
2019-01-24,"Sec 1","Robbery"
2019-01-13,"Sec 2","Robbery"
2019-03-01,"Sec 6","MVT"
2019-02-19,"Sec 1","Burglary"
2019-04-30,"Sec 3","Larceny"
2019-02-20,"Sec 6","Burglary"
2019-06-09,"Sec 5","Burglary"
2019-04-07,"Sec 4","Aggravated Assault"
2019-04-23,"Sec 1","Larceny"
2019-01-08,"Sec 5","Larceny"
2019-05-24,"Sec 6","Larceny"
2019-01-03,"Sec 2","Larceny"
2019-02-18,"Sec 1","Burglary"
2019-01-29,"Sec 4","Burglary"
2019-03-24,"Sec 5","Larceny"
2019-03-13,"Sec 1","Larceny"
2019-06-15,"Sec 1","Larceny"
2019-03-12,"Sec 5","MVT"
2019-04-06,"Sec 1","Burglary"
2019-06-08,"Sec 1","Larceny"
2019-02-07,"Sec 2","Burglary"
2019-02-11,"Sec 3","Larceny"
2019-02-19,"Sec 5","Burglary"
2019-01-05,"Sec 5","Aggravated Assault"
2019-01-08,"Sec 4","Larceny"
2019-03-18,"Sec 2","Aggravated Assault"
2019-04-05,"Sec 6","Larceny"
2019-03-18,"Sec 2","Larceny"
2019-06-04,"Sec 4","Homicide"
2019-05-22,"Sec 4","Aggravated Assault"
2019-05-15,"Sec 3","Larceny"
2019-01-20,"Sec 2","Burglary"
2019-04-01,"Sec 2","Larceny"
2019-06-18,"Sec 2","Larceny"
2019-02-10,"Sec 2","Robbery"
2019-04-16,"Sec 4","Robbery"
2019-03-27,"Sec 3","Larceny"
2019-06-18,"Sec 1","Larceny"
2019-03-24,"Sec 1","Larceny"
2019-02-13,"Sec 3","Larceny"
2019-02-08,"Sec 2","Larceny"
2019-05-23,"Sec 1","Larceny"
2019-03-08,"Sec 2","Larceny"
2019-03-16,"Sec 1","Larceny"
2019-05-24,"Sec 2","Burglary"
2019-02-25,"Sec 3","Robbery"
2019-05-15,"Sec 1","Aggravated Assault"
2019-03-23,"Sec 5","Robbery"
2019-06-03,"Sec 3","Robbery"
2019-02-27,"Sec 3","Robbery"
2019-04-05,"Sec 3","Aggravated Assault"
2019-01-19,"Sec 3","MVT"
2019-01-15,"Sec 4","Larceny"
2019-02-06,"Sec 1","Larceny"
2019-02-24,"Sec 1","Larceny"
2019-05-31,"Sec 1","Robbery"
2019-04-05,"Sec 2","Larceny"
2019-01-26,"Sec 5","Burglary"
2019-01-20,"Sec 1","MVT"
2019-02-26,"Sec 3","Larceny"
2019-05-17,"Sec 2","Larceny"
2019-06-07,"Sec 4","MVT"
2019-05-06,"Sec 1","Larceny"
2019-01-29,"Sec 1","Aggravated Assault"
2019-03-05,"Sec 4","Larceny"
2019-01-15,"Sec 1","Aggravated Assault"
2019-04-26,"Sec 2","Robbery"
2019-01-12,"Sec 5","Larceny"
2019-02-11,"Sec 4","Larceny"
2019-05-06,"Sec 1","Larceny"
2019-04-22,"Sec 3","Robbery"
2019-01-20,"Sec 2","Robbery"
2019-06-08,"Sec 4","Aggravated Assault"
2019-02-11,"Sec 3","Robbery"
2019-05-22,"Sec 2","Aggravated Assault"
2019-04-29,"Sec 5","Larceny"
2019-02-03,"Sec 1","Larceny"
2019-02-05,"Sec 4","Larceny"
2019-03-01,"Sec 3","Burglary"
2019-06-17,"Sec 1","Larceny"
2019-01-03,"Sec 3","Larceny"
2019-02-09,"Sec 4","Larceny"
2019-06-14,"Sec 2","Robbery"
2019-01-04,"Sec 2","Aggravated Assault"
2019-04-24,"Sec 2","Homicide"
2019-05-01,"Sec 1","MVT"
2019-06-15,"Sec 1","Larceny"
2019-01-25,"Sec 1","Larceny"
2019-02-17,"Sec 1","Larceny"
2019-02-23,"Sec 3","Larceny"
2019-04-04,"Sec 1","MVT"
2019-02-08,"Sec 1","Burglary"
2019-05-14,"Sec 1","Burglary"
2019-02-23,"Sec 1","Larceny"
2019-03-27,"Sec 1","Larceny"
2019-04-13,"Sec 3","Robbery"
2019-01-09,"Sec 4","Larceny"
2019-02-19,"Sec 1","Larceny"
2019-06-16,"Sec 1","Larceny"
2019-01-25,"Sec 1","Larceny"
2019-05-11,"Sec 1","Larceny"
2019-04-16,"Sec 3","Robbery"
2019-06-05,"Sec 6","Burglary"
2019-02-17,"Sec 6","Aggravated Assault"
2019-01-29,"Sec 2","Robbery"
2019-03-07,"Sec 3","Larceny"
2019-03-23,"Sec 3","Aggravated Assault"
2019-02-03,"Sec 2","Burglary"
2019-01-11,"Sec 2","Larceny"
2019-05-17,"Sec 5","Robbery"
2019-02-24,"Sec 2","Larceny"
2019-05-25,"Sec 1","Homicide"
2019-01-11,"Sec 1","Larceny"
2019-02-26,"Sec 3","Aggravated Assault"
2019-05-03,"Sec 3","MVT"
2019-01-13,"Sec 4","Larceny"
2019-05-12,"Sec 3","Burglary"
2019-01-12,"Sec 4","MVT"
2019-03-14,"Sec 1","Larceny"
2019-04-27,"Sec 1","Robbery"
2019-06-04,"Sec 1","Larceny"
2019-05-13,"Sec 3","Larceny"
2019-04-20,"Sec 5","Larceny"
2019-01-30,"Sec 5","MVT"
2019-02-07,"Sec 1","Robbery"
2019-04-10,"Sec 5","Aggravated Assault"
2019-02-02,"Sec 6","Larceny"
2019-01-01,"Sec 1","Burglary"
2019-02-12,"Sec 1","Larceny"
2019-04-30,"Sec 1","MVT"
2019-04-06,"Sec 1","Larceny"
2019-04-04,"Sec 2","Aggravated Assault"
2019-02-03,"Sec 1","Aggravated Assault"
2019-04-28,"Sec 1","Larceny"
2019-06-15,"Sec 6","Burglary"
2019-06-06,"Sec 1","Burglary"
2019-03-25,"Sec 4","Robbery"
2019-01-23,"Sec 4","Robbery"
2019-05-07,"Sec 1","Aggravated Assault"
2019-04-04,"Sec 5","Larceny"
2019-06-16,"Sec 5","Aggravated Assault"
2019-05-13,"Sec 6","Robbery"
2019-05-04,"Sec 2","Larceny"
2019-02-08,"Sec 1","Larceny"
2019-05-12,"Sec 2","MVT"
2019-05-17,"Sec 3","MVT"
2019-04-04,"Sec 4","Aggravated Assault"
2019-02-20,"Sec 4","MVT"
2019-02-28,"Sec 1","Robbery"
2019-05-06,"Sec 1","Larceny"
2019-01-22,"Sec 6","Larceny"
2019-06-05,"Sec 3","Larceny"
2019-01-28,"Sec 2","Larceny"
2019-01-05,"Sec 1","Burglary"
2019-04-05,"Sec 2","MVT"
2019-04-12,"Sec 4","Larceny"
2019-02-28,"Sec 6","Aggravated Assault"
2019-02-16,"Sec 3","Larceny"
2019-06-05,"Sec 1","Larceny"
2019-04-25,"Sec 2","MVT"
2019-02-22,"Sec 2","Aggravated Assault"
2019-05-12,"Sec 1","Larceny"
2019-03-21,"Sec 2","Burglary"
2019-04-07,"Sec 2","Robbery"
2019-04-14,"Sec 2","Burglary"
2019-01-20,"Sec 2","Larceny"
2019-06-06,"Sec 1","Burglary"
2019-01-01,"Sec 1","Larceny"
2019-02-18,"Sec 1","Aggravated Assault"
2019-05-31,"Sec 2","Robbery"
2019-05-28,"Sec 1","Robbery"
2019-01-06,"Sec 2","Aggravated Assault"
2019-05-20,"Sec 2","Larceny"
2019-01-27,"Sec 1","Larceny"
2019-02-19,"Sec 3","Larceny"
2019-05-07,"Sec 1","Aggravated Assault"
2019-05-28,"Sec 5","MVT"
2019-05-22,"Sec 1","MVT"
2019-03-16,"Sec 1","Larceny"
2019-01-01,"Sec 3","Larceny"
2019-06-11,"Sec 4","Larceny"
2019-04-05,"Sec 2","MVT"
2019-02-07,"Sec 4","Burglary"
2019-01-26,"Sec 4","Robbery"
2019-06-15,"Sec 4","Larceny"
2019-04-05,"Sec 6","Homicide"
2019-03-07,"Sec 2","Robbery"
2019-06-15,"Sec 1","Robbery"
2019-05-16,"Sec 2","Larceny"
2019-01-28,"Sec 1","Larceny"
2019-05-19,"Sec 1","Larceny"
2019-02-06,"Sec 6","Burglary"
2019-02-19,"Sec 2","Robbery"
2019-02-15,"Sec 6","Aggravated Assault"
2019-02-16,"Sec 3","Larceny"
2019-02-13,"Sec 3","Larceny"
2019-01-16,"Sec 1","Robbery"
2019-05-09,"Sec 4","Robbery"
2019-05-19,"Sec 1","Larceny"
2019-01-13,"Sec 5","Larceny"
2019-01-03,"Sec 1","Larceny"
2019-03-11,"Sec 3","Robbery"
2019-04-15,"Sec 1","Larceny"
2019-04-09,"Sec 2","Larceny"
2019-04-27,"Sec 2","Larceny"
2019-06-16,"Sec 5","Larceny"
2019-02-27,"Sec 5","Larceny"
2019-04-14,"Sec 3","Larceny"
2019-01-11,"Sec 1","Aggravated Assault"
2019-02-22,"Sec 1","Aggravated Assault"
2019-06-13,"Sec 2","Aggravated Assault"
2019-02-03,"Sec 1","MVT"
2019-01-08,"Sec 5","Burglary"
2019-01-13,"Sec 4","Aggravated Assault"
2019-02-10,"Sec 1","Aggravated Assault"
2019-01-10,"Sec 1","Aggravated Assault"
2019-04-28,"Sec 5","Aggravated Assault"
2019-02-14,"Sec 1","Larceny"
2019-02-21,"Sec 1","Larceny"
2019-06-14,"Sec 2","Burglary"
2019-03-10,"Sec 5","Larceny"
2019-04-19,"Sec 1","Larceny"
2019-01-01,"Sec 1","Robbery"
2019-03-05,"Sec 3","Larceny"
2019-04-10,"Sec 5","Robbery"
2019-05-24,"Sec 2","Larceny"
2019-01-19,"Sec 3","Larceny"
2019-02-01,"Sec 1","Larceny"
2019-04-16,"Sec 2","Larceny"
2019-01-05,"Sec 1","Larceny"
2019-06-05,"Sec 3","Robbery"
2019-05-23,"Sec 2","MVT"
2019-04-04,"Sec 1","Robbery"
2019-03-03,"Sec 3","Larceny"
2019-02-15,"Sec 6","Burglary"
2019-01-26,"Sec 2","Burglary"
2019-05-28,"Sec 4","MVT"
2019-01-07,"Sec 1","Larceny"
2019-05-22,"Sec 1","MVT"
2019-06-15,"Sec 1","Larceny"
2019-02-13,"Sec 3","MVT"
2019-06-19,"Sec 3","Larceny"
2019-05-05,"Sec 1","Burglary"
2019-06-04,"Sec 2","Burglary"
2019-01-06,"Sec 1","Aggravated Assault"
2019-05-09,"Sec 3","Burglary"
2019-06-01,"Sec 3","Larceny"
2019-05-18,"Sec 1","Robbery"
2019-05-24,"Sec 4","Larceny"
2019-04-25,"Sec 2","Burglary"
2019-05-28,"Sec 4","MVT"
2019-03-30,"Sec 3","Larceny"
2019-05-10,"Sec 4","Robbery"
2019-03-17,"Sec 3","Larceny"
2019-03-13,"Sec 3","MVT"
2019-01-19,"Sec 2","Larceny"
2019-03-24,"Sec 1","MVT"
2019-02-27,"Sec 1","Burglary"
2019-04-27,"Sec 3","Larceny"
2019-05-14,"Sec 4","Burglary"
2019-01-10,"Sec 3","Larceny"
2019-01-25,"Sec 2","Robbery"
2019-02-04,"Sec 5","Robbery"
2019-01-15,"Sec 5","Burglary"
2019-06-05,"Sec 1","Larceny"
2019-03-28,"Sec 1","Robbery"
2019-02-03,"Sec 1","Larceny"
2019-03-20,"Sec 3","MVT"
2019-05-16,"Sec 5","Aggravated Assault"
2019-01-29,"Sec 4","Larceny"
2019-04-11,"Sec 6","Larceny"
2019-02-27,"Sec 2","Aggravated Assault"
2019-03-10,"Sec 3","Aggravated Assault"
2019-03-11,"Sec 1","Robbery"
2019-03-06,"Sec 3","Larceny"
2019-04-29,"Sec 4","Aggravated Assault"
2019-03-19,"Sec 6","Larceny"
2019-02-02,"Sec 1","Burglary"
2019-06-09,"Sec 2","Robbery"
2019-01-21,"Sec 4","MVT"
2019-01-15,"Sec 2","Larceny"
2019-02-23,"Sec 6","Larceny"
2019-03-07,"Sec 6","Larceny"
2019-01-14,"Sec 3","Larceny"
2019-03-12,"Sec 2","Larceny"
2019-01-04,"Sec 2","Larceny"
2019-01-22,"Sec 4","MVT"
2019-05-09,"Sec 1","Larceny"
2019-05-27,"Sec 2","Larceny"
2019-02-09,"Sec 1","Robbery"
2019-05-31,"Sec 4","Larceny"
2019-01-28,"Sec 1","Aggravated Assault"
2019-01-20,"Sec 4","Larceny"
2019-05-14,"Sec 1","Burglary"
2019-01-18,"Sec 3","Larceny"
2019-04-24,"Sec 2","MVT"
2019-04-22,"Sec 5","Larceny"
2019-04-25,"Sec 5","Robbery"
2019-02-09,"Sec 1","MVT"
2019-06-04,"Sec 4","Burglary"
2019-05-27,"Sec 1","MVT"
2019-05-26,"Sec 2","Larceny"
2019-01-03,"Sec 3","Larceny"
2019-03-11,"Sec 6","MVT"
2019-01-22,"Sec 1","Larceny"
2019-02-01,"Sec 3","Larceny"
2019-03-19,"Sec 5","Larceny"
2019-06-03,"Sec 3","Burglary"
2019-04-08,"Sec 1","Burglary"
2019-06-18,"Sec 1","Burglary"
2019-02-28,"Sec 4","Larceny"
2019-06-04,"Sec 1","Aggravated Assault"
2019-06-09,"Sec 4","Robbery"
2019-03-18,"Sec 5","Aggravated Assault"
2019-01-22,"Sec 5","Larceny"
2019-06-14,"Sec 1","Larceny"
2019-02-24,"Sec 2","Larceny"
2019-06-07,"Sec 5","Burglary"
2019-06-09,"Sec 5","Larceny"
2019-04-10,"Sec 1","Larceny"
2019-01-27,"Sec 4","Larceny"
2019-03-07,"Sec 2","Burglary"
2019-05-12,"Sec 6","Aggravated Assault"
2019-04-20,"Sec 3","Larceny"
2019-02-13,"Sec 5","Larceny"
2019-01-19,"Sec 5","Aggravated Assault"
2019-01-16,"Sec 1","Larceny"
2019-03-25,"Sec 4","Aggravated Assault"
2019-04-05,"Sec 2","Homicide"
2019-04-01,"Sec 3","Larceny"
2019-04-02,"Sec 3","Larceny"
2019-01-09,"Sec 2","Aggravated Assault"
2019-04-27,"Sec 6","Robbery"
2019-03-21,"Sec 1","Larceny"
2019-05-05,"Sec 6","Larceny"
2019-03-09,"Sec 1","Larceny"
2019-06-07,"Sec 1","Robbery"
2019-03-31,"Sec 1","Larceny"
2019-03-18,"Sec 4","Robbery"
2019-01-10,"Sec 3","Larceny"
2019-02-26,"Sec 1","Larceny"
2019-05-18,"Sec 4","Aggravated Assault"
2019-04-11,"Sec 5","MVT"
2019-05-30,"Sec 2","Larceny"
2019-05-14,"Sec 1","Aggravated Assault"
2019-05-03,"Sec 3","MVT"
2019-06-09,"Sec 5","Larceny"
2019-05-17,"Sec 1","Larceny"
2019-04-09,"Sec 1","Larceny"
2019-04-26,"Sec 1","Larceny"
2019-06-07,"Sec 5","Larceny"
2019-03-16,"Sec 3","Larceny"
2019-06-01,"Sec 1","Larceny"
2019-05-15,"Sec 4","Larceny"
2019-06-04,"Sec 1","Aggravated Assault"
2019-05-27,"Sec 1","MVT"
2019-04-30,"Sec 4","Aggravated Assault"
2019-04-26,"Sec 4","Aggravated Assault"
2019-05-05,"Sec 2","Aggravated Assault"
2019-06-08,"Sec 4","Robbery"
2019-05-28,"Sec 3","Aggravated Assault"
2019-01-15,"Sec 2","Robbery"
2019-03-09,"Sec 2","Larceny"
2019-04-29,"Sec 1","Larceny"
2019-04-10,"Sec 6","Aggravated Assault"
2019-03-24,"Sec 4","Larceny"
2019-05-28,"Sec 3","Robbery"
2019-02-14,"Sec 4","Larceny"
2019-05-31,"Sec 1","Larceny"
2019-03-06,"Sec 3","MVT"
2019-06-16,"Sec 4","Homicide"
2019-02-27,"Sec 1","Larceny"
2019-03-01,"Sec 5","Larceny"
2019-01-09,"Sec 3","Aggravated Assault"
2019-05-22,"Sec 2","Burglary"
2019-05-09,"Sec 2","Aggravated Assault"
2019-03-03,"Sec 2","Aggravated Assault"
2019-05-13,"Sec 1","Larceny"
2019-06-07,"Sec 2","Larceny"
2019-02-26,"Sec 1","Larceny"
2019-03-03,"Sec 2","Larceny"
2019-04-26,"Sec 1","Burglary"
2019-03-29,"Sec 6","Robbery"
2019-06-04,"Sec 2","Larceny"
2019-02-11,"Sec 6","Robbery"
2019-05-16,"Sec 3","Aggravated Assault"
2019-02-26,"Sec 3","Aggravated Assault"
2019-04-21,"Sec 1","MVT"
2019-03-16,"Sec 4","Aggravated Assault"
2019-03-21,"Sec 4","Larceny"
2019-03-27,"Sec 1","Burglary"
2019-05-07,"Sec 6","Aggravated Assault"
2019-01-01,"Sec 4","MVT"
2019-03-16,"Sec 1","Larceny"
2019-06-01,"Sec 1","Larceny"
2019-02-01,"Sec 1","Robbery"
2019-04-20,"Sec 6","Robbery"
2019-06-15,"Sec 4","Larceny"
2019-05-31,"Sec 4","Homicide"
2019-01-29,"Sec 3","Larceny"
2019-01-18,"Sec 2","Larceny"
2019-04-28,"Sec 2","Larceny"
2019-02-02,"Sec 3","Larceny"
2019-02-24,"Sec 1","Larceny"
2019-02-16,"Sec 2","MVT"
2019-06-01,"Sec 3","Robbery"
2019-01-24,"Sec 4","Robbery"
2019-04-04,"Sec 6","Burglary"
2019-02-15,"Sec 3","Larceny"
2019-05-16,"Sec 5","Aggravated Assault"
2019-05-28,"Sec 1","Larceny"
2019-05-10,"Sec 2","Larceny"
2019-04-15,"Sec 5","Burglary"
2019-01-09,"Sec 1","Larceny"
2019-03-28,"Sec 1","Larceny"
2019-03-13,"Sec 1","Burglary"
2019-06-14,"Sec 1","Larceny"
2019-05-07,"Sec 3","MVT"
2019-05-01,"Sec 2","Larceny"
2019-03-24,"Sec 4","Burglary"
2019-04-14,"Sec 3","Robbery"
2019-06-10,"Sec 6","Larceny"
2019-02-18,"Sec 1","MVT"
2019-04-24,"Sec 2","Aggravated Assault"
2019-05-05,"Sec 3","Larceny"
2019-02-21,"Sec 3","MVT"
2019-04-10,"Sec 3","Homicide"
2019-03-02,"Sec 1","Robbery"
2019-01-10,"Sec 1","Larceny"
2019-04-08,"Sec 3","Burglary"
2019-02-08,"Sec 5","Aggravated Assault"
2019-02-23,"Sec 1","Burglary"
2019-01-11,"Sec 1","MVT"
2019-06-19,"Sec 1","Larceny"
2019-03-07,"Sec 3","Larceny"
2019-01-15,"Sec 5","Larceny"
2019-06-12,"Sec 4","Aggravated Assault"
2019-03-23,"Sec 2","Larceny"
2019-02-17,"Sec 2","Aggravated Assault"
2019-04-18,"Sec 4","Larceny"
2019-02-13,"Sec 1","Larceny"
2019-03-12,"Sec 3","MVT"
2019-02-04,"Sec 4","Aggravated Assault"
2019-02-01,"Sec 3","Burglary"
2019-05-06,"Sec 5","Larceny"
2019-05-01,"Sec 4","MVT"
2019-03-22,"Sec 2","Larceny"
2019-01-08,"Sec 3","Larceny"
2019-05-07,"Sec 2","Larceny"
2019-05-13,"Sec 2","Larceny"
2019-04-26,"Sec 5","Larceny"
2019-04-17,"Sec 1","Robbery"
2019-03-22,"Sec 2","Robbery"
2019-04-30,"Sec 1","MVT"
2019-04-03,"Sec 4","Robbery"
2019-01-04,"Sec 5","Burglary"
2019-02-08,"Sec 4","Larceny"
2019-04-05,"Sec 3","Larceny"
2019-05-24,"Sec 1","Larceny"
2019-05-06,"Sec 6","Aggravated Assault"
2019-04-01,"Sec 1","Larceny"
2019-03-30,"Sec 1","Larceny"
2019-04-05,"Sec 1","Larceny"
2019-05-27,"Sec 3","Burglary"
2019-04-26,"Sec 4","Burglary"
2019-01-16,"Sec 2","Robbery"
2019-03-28,"Sec 1","Larceny"
2019-02-18,"Sec 1","Larceny"
2019-06-11,"Sec 1","Larceny"
2019-06-01,"Sec 1","Burglary"
2019-01-31,"Sec 6","Larceny"
2019-01-25,"Sec 3","Larceny"
2019-02-12,"Sec 4","Aggravated Assault"
2019-03-08,"Sec 4","Larceny"
2019-05-07,"Sec 3","Larceny"
2019-01-20,"Sec 3","Aggravated Assault"
2019-05-26,"Sec 2","MVT"
2019-02-16,"Sec 4","MVT"
2019-03-22,"Sec 2","Aggravated Assault"
2019-05-29,"Sec 1","Larceny"
2019-02-25,"Sec 6","Homicide"
2019-01-09,"Sec 3","MVT"
2019-01-15,"Sec 1","Aggravated Assault"
2019-05-09,"Sec 6","Aggravated Assault"
2019-02-09,"Sec 1","Larceny"
2019-01-20,"Sec 5","MVT"
2019-03-19,"Sec 4","Larceny"
2019-03-29,"Sec 1","Larceny"
2019-02-17,"Sec 2","Aggravated Assault"
2019-04-27,"Sec 1","Larceny"
2019-02-15,"Sec 2","Robbery"
2019-03-23,"Sec 1","Larceny"
2019-05-27,"Sec 2","Burglary"
2019-05-07,"Sec 2","MVT"
2019-04-27,"Sec 5","Aggravated Assault"
2019-06-19,"Sec 4","Larceny"
2019-04-25,"Sec 1","Robbery"
2019-02-21,"Sec 3","Burglary"
2019-04-21,"Sec 4","Larceny"
2019-01-04,"Sec 6","Burglary"
2019-02-24,"Sec 5","Larceny"
2019-02-08,"Sec 4","Larceny"
2019-05-20,"Sec 1","Robbery"
2019-01-09,"Sec 3","Robbery"
2019-04-23,"Sec 5","Larceny"
2019-03-21,"Sec 1","Larceny"
2019-01-13,"Sec 1","Robbery"
2019-04-20,"Sec 6","Aggravated Assault"
2019-02-24,"Sec 5","Aggravated Assault"
2019-02-02,"Sec 1","Larceny"
2019-01-13,"Sec 1","Larceny"
2019-04-20,"Sec 4","Larceny"
2019-06-14,"Sec 2","Larceny"
2019-03-24,"Sec 3","Larceny"
2019-01-19,"Sec 3","Burglary"
2019-05-12,"Sec 3","Larceny"
2019-04-27,"Sec 4","Larceny"
2019-05-26,"Sec 3","Burglary"
2019-01-15,"Sec 3","Robbery"
2019-03-15,"Sec 5","Larceny"
2019-04-22,"Sec 5","Aggravated Assault"
2019-03-05,"Sec 2","Robbery"
2019-05-30,"Sec 1","Larceny"
2019-06-04,"Sec 1","Aggravated Assault"
2019-04-25,"Sec 1","MVT"
2019-01-27,"Sec 3","Larceny"
2019-01-03,"Sec 2","Larceny"
2019-01-07,"Sec 3","Larceny"
2019-03-04,"Sec 2","MVT"
2019-04-23,"Sec 2","Larceny"
2019-03-10,"Sec 5","Larceny"
2019-05-05,"Sec 1","Larceny"
2019-03-09,"Sec 2","Burglary"
2019-01-30,"Sec 2","Larceny"
2019-03-07,"Sec 3","Larceny"
2019-04-19,"Sec 2","Aggravated Assault"
2019-04-09,"Sec 3","Burglary"
2019-02-01,"Sec 5","Larceny"
2019-02-15,"Sec 6","Larceny"
2019-02-03,"Sec 3","Larceny"
2019-04-30,"Sec 2","Larceny"
2019-04-04,"Sec 1","Larceny"
2019-06-05,"Sec 2","Aggravated Assault"
2019-06-03,"Sec 1","Burglary"
2019-03-17,"Sec 3","Aggravated Assault"
2019-06-09,"Sec 5","Larceny"
2019-06-18,"Sec 4","MVT"
2019-05-05,"Sec 3","MVT"
2019-01-25,"Sec 2","Aggravated Assault"
2019-01-23,"Sec 5","Robbery"
2019-03-08,"Sec 6","Robbery"
2019-03-03,"Sec 4","Larceny"
2019-02-13,"Sec 6","Robbery"
2019-04-16,"Sec 3","Burglary"
2019-03-14,"Sec 1","Larceny"
2019-03-17,"Sec 1","Larceny"
2019-03-26,"Sec 2","Burglary"
2019-06-04,"Sec 4","Aggravated Assault"
2019-02-02,"Sec 2","Burglary"
2019-05-16,"Sec 4","Larceny"
2019-03-09,"Sec 5","Larceny"
2019-05-11,"Sec 4","Burglary"
2019-02-28,"Sec 1","Larceny"
2019-04-14,"Sec 1","Robbery"
2019-04-03,"Sec 3","Larceny"
2019-03-19,"Sec 3","Larceny"
2019-01-28,"Sec 1","Larceny"
2019-02-15,"Sec 3","Robbery"
2019-05-03,"Sec 1","Aggravated Assault"
2019-01-20,"Sec 2","Larceny"
2019-04-19,"Sec 3","Aggravated Assault"
2019-02-05,"Sec 1","Larceny"
2019-05-15,"Sec 4","Larceny"
2019-01-09,"Sec 2","Burglary"
2019-03-10,"Sec 2","Aggravated Assault"
2019-03-03,"Sec 3","MVT"
2019-06-16,"Sec 1","MVT"
2019-01-22,"Sec 2","Robbery"
2019-01-25,"Sec 4","Aggravated Assault"
2019-04-24,"Sec 4","Larceny"
2019-01-15,"Sec 5","Robbery"
2019-03-22,"Sec 2","Larceny"
2019-02-18,"Sec 2","Larceny"
2019-02-04,"Sec 3","Burglary"
2019-06-12,"Sec 3","Homicide"
